0,ア,愛知医科大学大学院,7915,医学研究科 基礎医学系専攻,79156642T7,2
1,ア,愛知医科大学大学院,7915,医学研究科 臨床医学系専攻,79156648Z2,2
2,ア,愛知医科大学大学院,7915,医学研究科 その他専攻,7915664HZ9,2
3,ア,愛知医科大学大学院,7915,看護学研究科 看護学専攻,79156922R9,2
4,ア,愛知医科大学大学院,7915,看護学研究科 その他専攻,7915692HZ9,2
5,ア,愛知学院大学大学院,7485,心身科学研究科 健康科学専攻,748504Z3M3,1
6,ア,愛知学院大学大学院,7485,心身科学研究科 心理学専攻,748504Z5H2,1
7,ア,愛知学院大学大学院,7485,心身科学研究科 その他専攻,748504ZHZ9,1
8,ア,愛知学院大学大学院,7485,薬科学研究科 薬科学専攻,748509Z07C,2
9,ア,愛知学院大学大学院,7485,薬科学研究科 その他専攻,748509ZHZ9,2
10,ア,愛知学院大学大学院,7485,法務研究科 法務専攻,74852194KN,1
11,ア,愛知学院大学大学院,7485,法務研究科 その他専攻,7485219HZ9,1
12,ア,愛知学院大学大学院,7485,経営学研究科 経営学専攻,7485702619,1
13,ア,愛知学院大学大学院,7485,経営学研究科 その他専攻,7485702HZ9,1
14,ア,愛知学院大学大学院,7485,経済学研究科 経済学専攻,74857143G6,1
15,ア,愛知学院大学大学院,7485,経済学研究科 その他専攻,7485714HZ9,1
16,ア,愛知学院大学大学院,7485,歯学研究科 歯科基礎系専攻,74857734M5,2
17,ア,愛知学院大学大学院,7485,歯学研究科 歯科臨床系専攻,74857734M8,2
18,ア,愛知学院大学大学院,7485,歯学研究科 歯学専攻,74857734N2,2
19,ア,愛知学院大学大学院,7485,歯学研究科 その他専攻,7485773HZ9,2
20,ア,愛知学院大学大学院,7485,商学研究科 商学専攻,74857924X8,1
21,ア,愛知学院大学大学院,7485,商学研究科 その他専攻,7485792HZ9,1
22,ア,愛知学院大学大学院,7485,総合政策研究科 総合政策専攻,74858786S1,1
23,ア,愛知学院大学大学院,7485,総合政策研究科 その他専攻,7485878HZ9,1
24,ア,愛知学院大学大学院,7485,文学研究科 英語圏文化専攻,74859291U3,1
25,ア,愛知学院大学大学院,7485,文学研究科 宗教学仏教学専攻,748592925P,1
26,ア,愛知学院大学大学院,7485,文学研究科 日本文化専攻,74859297W6,1
27,ア,愛知学院大学大学院,7485,文学研究科 歴史学専攻,74859299A4,1
28,ア,愛知学院大学大学院,7485,文学研究科 その他専攻,7485929HZ9,1
29,ア,愛知学院大学大学院,7485,法学研究科 法律学専攻,74859428T5,1
30,ア,愛知学院大学大学院,7485,法学研究科 その他専攻,7485942HZ9,1
31,ア,愛知学院大学大学院,7485,薬学研究科 医療薬学専攻,74859551R8,2
32,ア,愛知学院大学大学院,7485,薬学研究科 その他専攻,7485955HZ9,2
33,ア,愛知教育大学大学院,7080,教育実践研究科 教職実践専攻,708010L24S,1
34,ア,愛知教育大学大学院,7080,教育実践研究科 その他専攻,708010LHZ9,1
35,ア,愛知教育大学大学院,7080,教育学研究科 英語教育専攻,70806971U2,1
36,ア,愛知教育大学大学院,7080,教育学研究科 発達教育科学専攻,708069720L,1
37,ア,愛知教育大学大学院,7080,教育学研究科 特別支援教育科学専攻,708069724M,1
38,ア,愛知教育大学大学院,7080,教育学研究科 家政教育専攻,70806972G0,1
39,ア,愛知教育大学大学院,7080,教育学研究科 技術教育専攻,70806972Z2,1
40,ア,愛知教育大学大学院,7080,教育学研究科 芸術教育専攻,70806973L1,1
41,ア,愛知教育大学大学院,7080,教育学研究科 国語教育専攻,70806973X9,1
42,ア,愛知教育大学大学院,7080,教育学研究科 社会科教育専攻,70806974R4,1
43,ア,愛知教育大学大学院,7080,教育学研究科 共同教科開発学専攻,708069754U,1
44,ア,愛知教育大学大学院,7080,教育学研究科 数学教育専攻,70806975R9,2
45,ア,愛知教育大学大学院,7080,教育学研究科 保健体育専攻,70806978S2,1
46,ア,愛知教育大学大学院,7080,教育学研究科 養護教育専攻,70806978W5,1
47,ア,愛知教育大学大学院,7080,教育学研究科 理科教育専攻,70806978X1,2
48,ア,愛知教育大学大学院,7080,教育学研究科 学校教育臨床専攻,7080697938,1
49,ア,愛知教育大学大学院,7080,教育学研究科 その他専攻,7080697HZ9,1
50,ア,愛知県立芸術大学大学院,7082,音楽研究科 音楽専攻,7082676H7X,1
51,ア,愛知県立芸術大学大学院,7082,音楽研究科 その他専攻,7082676HZ9,1
52,ア,愛知県立芸術大学大学院,7082,美術研究科 美術専攻,7082915HNI,1
53,ア,愛知県立芸術大学大学院,7082,美術研究科 その他専攻,7082915HZ9,1
54,ア,愛知県立大学大学院,7081,人間発達学研究科 人間発達学専攻,708102B5N7,1
55,ア,愛知県立大学大学院,7081,人間発達学研究科 その他専攻,708102BHZ9,1
56,ア,愛知県立大学大学院,7081,看護学研究科 看護学専攻,70816922R9,2
57,ア,愛知県立大学大学院,7081,看護学研究科 その他専攻,7081692HZ9,2
58,ア,愛知県立大学大学院,7081,国際文化研究科 国際文化専攻,70817684D6,1
59,ア,愛知県立大学大学院,7081,国際文化研究科 日本文化専攻,70817687W6,1
60,ア,愛知県立大学大学院,7081,国際文化研究科 その他専攻,7081768HZ9,1
61,ア,愛知県立大学大学院,7081,情報科学研究科 システム科学専攻,7081807H1J,2
62,ア,愛知県立大学大学院,7081,情報科学研究科 情報システム専攻,7081807HDJ,2
63,ア,愛知県立大学大学院,7081,情報科学研究科 情報科学専攻,7081807HE5,2
64,ア,愛知県立大学大学院,7081,情報科学研究科 メディア情報専攻,7081807HPA,2
65,ア,愛知県立大学大学院,7081,情報科学研究科 その他専攻,7081807HZ9,2
66,ア,愛知工科大学大学院,7517,工学研究科 システム工学専攻,7517739H1M,2
67,ア,愛知工科大学大学院,7517,工学研究科 その他専攻,7517739HZ9,2
68,ア,愛知工業大学大学院,7487,経営情報科学研究科 経営情報科学専攻,748700X641,1
69,ア,愛知工業大学大学院,7487,経営情報科学研究科 その他専攻,748700XHZ9,1
70,ア,愛知工業大学大学院,7487,工学研究科 機械工学専攻,74877392W4,2
71,ア,愛知工業大学大学院,7487,工学研究科 建設システム工学専攻,74877393N1,2
72,ア,愛知工業大学大学院,7487,工学研究科 材料化学専攻,74877394F0,2
73,ア,愛知工業大学大学院,7487,工学研究科 生産・建設工学専攻,74877395Y5,2
74,ア,愛知工業大学大学院,7487,工学研究科 電気・材料工学専攻,74877397H3,2
75,ア,愛知工業大学大学院,7487,工学研究科 電気電子工学専攻,7487739HKV,2
76,ア,愛知工業大学大学院,7487,工学研究科 その他専攻,7487739HZ9,2
77,ア,愛知産業大学大学院,7484,造形学研究科 建築学専攻,748402I3P3,2
78,ア,愛知産業大学大学院,7484,造形学研究科 デザイン学専攻,748402IH37,1
79,ア,愛知産業大学大学院,7484,造形学研究科 その他専攻,748402IHZ9,2
80,ア,愛知淑徳大学大学院,7488,グローバルカルチャー・コミュニケーション研究科 グローバルカルチャー・コミュニケーション専攻,748807I1SJ,1
81,ア,愛知淑徳大学大学院,7488,グローバルカルチャー・コミュニケーション研究科 その他専攻,748807IHZ9,1
82,ア,愛知淑徳大学大学院,7488,ビジネス研究科 ビジネス専攻,748819707O,1
83,ア,愛知淑徳大学大学院,7488,ビジネス研究科 その他専攻,7488197HZ9,1
84,ア,愛知淑徳大学大学院,7488,文化創造研究科 文化創造専攻,748822561M,1
85,ア,愛知淑徳大学大学院,7488,文化創造研究科 その他専攻,7488225HZ9,1
86,ア,愛知淑徳大学大学院,7488,心理医療科学研究科 心理医療科学専攻,748859271Y,1
87,ア,愛知淑徳大学大学院,7488,心理医療科学研究科 その他専攻,7488592HZ9,1
88,ア,愛知淑徳大学大学院,7488,教育学研究科 発達教育専攻,7488697743,1
89,ア,愛知淑徳大学大学院,7488,教育学研究科 その他専攻,7488697HZ9,1
90,ア,愛知大学大学院,7483,法務研究科 法務専攻,74832194KN,1
91,ア,愛知大学大学院,7483,法務研究科 その他専攻,7483219HZ9,1
92,ア,愛知大学大学院,7483,経営学研究科 経営学専攻,7483702619,1
93,ア,愛知大学大学院,7483,経営学研究科 その他専攻,7483702HZ9,1
94,ア,愛知大学大学院,7483,経済学研究科 経済学専攻,74837143G6,1
95,ア,愛知大学大学院,7483,経済学研究科 その他専攻,7483714HZ9,1
96,ア,愛知大学大学院,7483,国際コミュニケーション研究科 国際コミュニケーション専攻,74837553Y4,1
97,ア,愛知大学大学院,7483,国際コミュニケーション研究科 その他専攻,7483755HZ9,1
98,ア,愛知大学大学院,7483,中国研究科 中国研究専攻,7483902730,1
99,ア,愛知大学大学院,7483,中国研究科 その他専攻,7483902HZ9,1
100,ア,愛知大学大学院,7483,文学研究科 欧米文化専攻,74839292A5,1
101,ア,愛知大学大学院,7483,文学研究科 地域社会システム専攻,74839296Z6,1
102,ア,愛知大学大学院,7483,文学研究科 日本文化専攻,74839297W6,1
103,ア,愛知大学大学院,7483,文学研究科 その他専攻,7483929HZ9,1
104,ア,愛知大学大学院,7483,法学研究科 公法学専攻,74839423U0,1
105,ア,愛知大学大学院,7483,法学研究科 私法学専攻,74839424L2,1
106,ア,愛知大学大学院,7483,法学研究科 その他専攻,7483942HZ9,1
107,ア,愛知文教大学大学院,7515,国際文化研究科 国際文化専攻,75157684D6,1
108,ア,愛知文教大学大学院,7515,国際文化研究科 その他専攻,7515768HZ9,1
109,ア,愛知みずほ大学大学院,7496,人間科学研究科 心身健康科学専攻,749682342U,1
110,ア,愛知みずほ大学大学院,7496,人間科学研究科 その他専攻,7496823HZ9,1
111,ア,会津大学大学院,7025,コンピュータ理工学研究科 コンピュータ・情報システム学専攻,7025654H0Q,2
112,ア,会津大学大学院,7025,コンピュータ理工学研究科 情報技術・プロジェクトマネジメント専攻,7025654HEM,2
113,ア,会津大学大学院,7025,コンピュータ理工学研究科 その他専攻,7025654HZ9,2
114,ア,藍野大学大学院,7267,看護学研究科 看護学専攻,72676922R9,2
115,ア,藍野大学大学院,7267,看護学研究科 その他専攻,7267692HZ9,2
116,ア,青森県立保健大学大学院,7752,健康科学研究科 健康科学専攻,77527293M3,1
117,ア,青森県立保健大学大学院,7752,健康科学研究科 その他専攻,7752729HZ9,1
118,ア,青森公立大学大学院,7014,経営経済学研究科 経営経済学専攻,7014708631,1
119,ア,青森公立大学大学院,7014,経営経済学研究科 その他専攻,7014708HZ9,1
120,ア,青森中央学院大学大学院,7220,地域マネジメント研究科 地域マネジメント専攻,722023012L,1
121,ア,青森中央学院大学大学院,7220,地域マネジメント研究科 その他専攻,7220230HZ9,1
122,ア,青山学院大学大学院,7325,会計プロフェッション研究科 会計プロフェッション専攻,732500R0OO,1
123,ア,青山学院大学大学院,7325,会計プロフェッション研究科 プロフェッショナル会計学専攻,732500R1OL,1
124,ア,青山学院大学大学院,7325,会計プロフェッション研究科 その他専攻,732500RHZ9,1
125,ア,青山学院大学大学院,7325,総合文化政策学研究科 総合文化政策学専攻,732509R1ZN,1
126,ア,青山学院大学大学院,7325,総合文化政策学研究科 文化創造マネジメント専攻,732509R61L,1
127,ア,青山学院大学大学院,7325,総合文化政策学研究科 その他専攻,732509RHZ9,1
128,ア,青山学院大学大学院,7325,教育人間科学研究科 教育学専攻,732511T3A5,1
129,ア,青山学院大学大学院,7325,教育人間科学研究科 心理学専攻,732511T5H2,1
130,ア,青山学院大学大学院,7325,教育人間科学研究科 その他専攻,732511THZ9,1
131,ア,青山学院大学大学院,7325,法務研究科 法務専攻,73252194KN,1
132,ア,青山学院大学大学院,7325,法務研究科 その他専攻,7325219HZ9,1
133,ア,青山学院大学大学院,7325,国際マネジメント研究科 国際マネジメントサイエンス専攻,732560814K,1
134,ア,青山学院大学大学院,7325,国際マネジメント研究科 国際マネジメント専攻,73256084FN,1
135,ア,青山学院大学大学院,7325,国際マネジメント研究科 その他専攻,7325608HZ9,1
136,ア,青山学院大学大学院,7325,社会情報学研究科 社会情報学専攻,7325640HCS,1
137,ア,青山学院大学大学院,7325,社会情報学研究科 その他専攻,7325640HZ9,1
138,ア,青山学院大学大学院,7325,経営学研究科 経営学専攻,7325702619,1
139,ア,青山学院大学大学院,7325,経営学研究科 その他専攻,7325702HZ9,1
140,ア,青山学院大学大学院,7325,経済学研究科 公共・地域マネジメント専攻,73257141WR,1
141,ア,青山学院大学大学院,7325,経済学研究科 経済学専攻,73257143G6,1
142,ア,青山学院大学大学院,7325,経済学研究科 その他専攻,7325714HZ9,1
143,ア,青山学院大学大学院,7325,国際政治経済学研究科 国際コミュニケーション専攻,73257673Y4,1
144,ア,青山学院大学大学院,7325,国際政治経済学研究科 国際経済学専攻,73257674A6,1
145,ア,青山学院大学大学院,7325,国際政治経済学研究科 国際政治学専攻,73257674C0,1
146,ア,青山学院大学大学院,7325,国際政治経済学研究科 その他専攻,7325767HZ9,1
147,ア,青山学院大学大学院,7325,文学研究科 フランス文学・語学専攻,73259291L0,1
148,ア,青山学院大学大学院,7325,文学研究科 英米文学専攻,73259291V0,1
149,ア,青山学院大学大学院,7325,文学研究科 史学専攻,73259294J9,1
150,ア,青山学院大学大学院,7325,文学研究科 日本文学・日本語専攻,73259297W7,1
151,ア,青山学院大学大学院,7325,文学研究科 比較芸術学専攻,7325929HMV,1
152,ア,青山学院大学大学院,7325,文学研究科 その他専攻,7325929HZ9,1
153,ア,青山学院大学大学院,7325,法学研究科 ビジネス法務専攻,73259420NM,1
154,ア,青山学院大学大学院,7325,法学研究科 公法専攻,73259423U1,1
155,ア,青山学院大学大学院,7325,法学研究科 私法専攻,73259424L3,1
156,ア,青山学院大学大学院,7325,法学研究科 その他専攻,7325942HZ9,1
157,ア,青山学院大学大学院,7325,理工学研究科 理工学専攻　基礎科学コース,732596343E,2
158,ア,青山学院大学大学院,7325,理工学研究科 理工学専攻　機能物質創成コース,732596343O,2
159,ア,青山学院大学大学院,7325,理工学研究科 理工学専攻　生命科学コース,732596343U,2
160,ア,青山学院大学大学院,7325,理工学研究科 理工学専攻　電気電子工学コース,732596343V,2
161,ア,青山学院大学大学院,7325,理工学研究科 理工学専攻　機械創造コース,732596343Y,2
162,ア,青山学院大学大学院,7325,理工学研究科 理工学専攻　知能情報コース,732596343Z,2
163,ア,青山学院大学大学院,7325,理工学研究科 理工学専攻　マネジメントテクノロジーコース,732596344D,2
164,ア,青山学院大学大学院,7325,理工学研究科 理工学専攻　化学コース,732596364U,2
165,ア,青山学院大学大学院,7325,理工学研究科 理工学専攻,7325963HOZ,2
166,ア,青山学院大学大学院,7325,理工学研究科 その他専攻,7325963HZ9,2
167,ア,秋田県立大学大学院,7753,生物資源科学研究科 生物資源科学専攻,77533306G0,1
168,ア,秋田県立大学大学院,7753,生物資源科学研究科 その他専攻,7753330HZ9,2
169,ア,秋田県立大学大学院,7753,システム科学技術研究科 共同ライフサイクルデザイン工学専攻,775345740Z,2
170,ア,秋田県立大学大学院,7753,システム科学技術研究科 機械知能システム学専攻,77534574PW,2
171,ア,秋田県立大学大学院,7753,システム科学技術研究科 建築環境システム学専攻,77534574QN,2
172,ア,秋田県立大学大学院,7753,システム科学技術研究科 経営システム工学専攻,7753457H9U,1
173,ア,秋田県立大学大学院,7753,システム科学技術研究科 総合システム科学専攻,7753457HHW,2
174,ア,秋田県立大学大学院,7753,システム科学技術研究科 電子情報システム学専攻,7753457HLV,2
175,ア,秋田県立大学大学院,7753,システム科学技術研究科 その他専攻,7753457HZ9,2
176,ア,秋田公立美術大学大学院,7189,複合芸術研究科 複合芸術専攻,7189400614,1
177,ア,秋田公立美術大学大学院,7189,複合芸術研究科 その他専攻,7189400HZ9,1
178,ア,秋田大学大学院,7017,工学資源学研究科 機械工学専攻,70174862W4,2
179,ア,秋田大学大学院,7017,工学資源学研究科 機能物質工学専攻,70174862Y9,2
180,ア,秋田大学大学院,7017,工学資源学研究科 共同ライフサイクルデザイン工学専攻,701748640Z,2
181,ア,秋田大学大学院,7017,工学資源学研究科 材料工学専攻,70174864F8,2
182,ア,秋田大学大学院,7017,工学資源学研究科 資源学専攻,70174864SR,2
183,ア,秋田大学大学院,7017,工学資源学研究科 地球資源学専攻,701748651S,2
184,ア,秋田大学大学院,7017,工学資源学研究科 環境応用化学専攻,701748654P,2
185,ア,秋田大学大学院,7017,工学資源学研究科 生産・建設工学専攻,70174865Y5,2
186,ア,秋田大学大学院,7017,工学資源学研究科 生命科学専攻,70174866K0,2
187,ア,秋田大学大学院,7017,工学資源学研究科 土木環境工学専攻,70174867Q3,2
188,ア,秋田大学大学院,7017,工学資源学研究科 情報工学専攻,7017486HEQ,2
189,ア,秋田大学大学院,7017,工学資源学研究科 電気電子工学専攻,7017486HKV,2
190,ア,秋田大学大学院,7017,工学資源学研究科 電気電子情報システム工学専攻,7017486HKW,2
191,ア,秋田大学大学院,7017,工学資源学研究科 その他専攻,7017486HZ9,2
192,ア,秋田大学大学院,7017,医学系研究科 医科学専攻,70176631P8,2
193,ア,秋田大学大学院,7017,医学系研究科 医学専攻,70176631Q0,2
194,ア,秋田大学大学院,7017,医学系研究科 保健学専攻,70176638S0,1
195,ア,秋田大学大学院,7017,医学系研究科 その他専攻,7017663HZ9,1
196,ア,秋田大学大学院,7017,教育学研究科 教職実践専攻,701769724S,1
197,ア,秋田大学大学院,7017,教育学研究科 学校教育専攻,70176972M1,1
198,ア,秋田大学大学院,7017,教育学研究科 教科教育専攻,70176973B7,1
199,ア,秋田大学大学院,7017,教育学研究科 心理教育実践専攻,701769791Q,1
200,ア,秋田大学大学院,7017,教育学研究科 その他専攻,7017697HZ9,1
201,ア,秋田大学大学院,7017,国際資源学研究科 資源学専攻,70177814SR,2
202,ア,秋田大学大学院,7017,国際資源学研究科 資源地球科学専攻,701778180T,2
203,ア,秋田大学大学院,7017,国際資源学研究科 資源開発環境学専攻,701778180U,2
204,ア,秋田大学大学院,7017,国際資源学研究科 その他専攻,7017781HZ9,2
205,ア,秋田大学大学院,7017,理工学研究科 共同ライフサイクルデザイン工学専攻,701796340Z,2
206,ア,秋田大学大学院,7017,理工学研究科 生命科学専攻,70179636K0,2
207,ア,秋田大学大学院,7017,理工学研究科 生命科学専攻　生命科学コース,7017963771,2
208,ア,秋田大学大学院,7017,理工学研究科 数理・電気電子情報学専攻　数理科学コース,7017963777,2
209,ア,秋田大学大学院,7017,理工学研究科 数理・電気電子情報学専攻　電気電子工学コース,7017963779,2
210,ア,秋田大学大学院,7017,理工学研究科 数理・電気電子情報学専攻　人間情報工学コース,7017963788,2
211,ア,秋田大学大学院,7017,理工学研究科 システムデザイン工学専攻　機械工学コース,7017963789,2
212,ア,秋田大学大学院,7017,理工学研究科 システムデザイン工学専攻　創造生産工学コース,7017963793,2
213,ア,秋田大学大学院,7017,理工学研究科 システムデザイン工学専攻　土木環境工学コース,7017963794,2
214,ア,秋田大学大学院,7017,理工学研究科 物質科学専攻　応用化学コース,7017963795,2
215,ア,秋田大学大学院,7017,理工学研究科 物質科学専攻　材料理工学コース,7017963799,2
216,ア,秋田大学大学院,7017,理工学研究科 総合理工学専攻　生命科学領域,7017963806,2
217,ア,秋田大学大学院,7017,理工学研究科 総合理工学専攻　物質科学領域,7017963809,2
218,ア,秋田大学大学院,7017,理工学研究科 数理・電気電子情報学専攻,701796380V,2
219,ア,秋田大学大学院,7017,理工学研究科 システムデザイン工学専攻,701796380W,2
220,ア,秋田大学大学院,7017,理工学研究科 総合理工学専攻　数理・電気電子情報学領域,7017963811,2
221,ア,秋田大学大学院,7017,理工学研究科 総合理工学専攻　システムデザイン工学領域,7017963813,2
222,ア,秋田大学大学院,7017,理工学研究科 物質科学専攻,70179638H0,2
223,ア,秋田大学大学院,7017,理工学研究科 総合理工学専攻,7017963HI8,2
224,ア,秋田大学大学院,7017,理工学研究科 その他専攻,7017963HZ9,2
225,ア,旭川医科大学大学院,7850,医学系研究科 医学専攻,78506631Q0,2
226,ア,旭川医科大学大学院,7850,医学系研究科 看護学専攻,78506632R9,2
227,ア,旭川医科大学大学院,7850,医学系研究科 その他専攻,7850663HZ9,2
228,ア,旭川大学大学院,7201,地域政策研究科 地域政策専攻,72013357A3,1
229,ア,旭川大学大学院,7201,地域政策研究科 その他専攻,7201335HZ9,1
230,ア,旭川大学大学院,7201,経済学研究科 地域政策専攻,72017147A3,1
231,ア,旭川大学大学院,7201,経済学研究科 その他専攻,7201714HZ9,1
232,ア,朝日大学大学院,7478,経営学研究科 経営学専攻,7478702619,1
233,ア,朝日大学大学院,7478,経営学研究科 その他専攻,7478702HZ9,1
234,ア,朝日大学大学院,7478,歯学研究科 歯学専攻,74787734N2,2
235,ア,朝日大学大学院,7478,歯学研究科 その他専攻,7478773HZ9,2
236,ア,朝日大学大学院,7478,法学研究科 法学専攻,74789428T0,1
237,ア,朝日大学大学院,7478,法学研究科 その他専攻,7478942HZ9,1
238,ア,麻布大学大学院,7431,環境保健学研究科 環境保健科学専攻,74316912R8,2
239,ア,麻布大学大学院,7431,環境保健学研究科 環境衛生政策専攻,7431691A47,1
240,ア,麻布大学大学院,7431,環境保健学研究科 その他専攻,7431691HZ9,2
241,ア,麻布大学大学院,7431,獣医学研究科 獣医学専攻,74317904X4,2
242,ア,麻布大学大学院,7431,獣医学研究科 動物応用科学専攻,74317907R5,2
243,ア,麻布大学大学院,7431,獣医学研究科 その他専攻,7431790HZ9,2
244,ア,足利工業大学大学院,7251,工学研究科 建設・環境工学専攻,72517393M9,2
245,ア,足利工業大学大学院,7251,工学研究科 情報・生産工学専攻,7251739HD3,2
246,ア,足利工業大学大学院,7251,工学研究科 その他専攻,7251739HZ9,2
247,ア,足利大学大学院,7209,工学研究科 建設・環境工学専攻,72097393M9,2
248,ア,足利大学大学院,7209,工学研究科 情報・生産工学専攻,7209739HD3,2
249,ア,足利大学大学院,7209,工学研究科 その他専攻,7209739HZ9,2
250,ア,芦屋大学大学院,7601,教育学研究科 英語英文学教育専攻,76016971T4,1
251,ア,芦屋大学大学院,7601,教育学研究科 技術教育専攻,76016972Z2,1
252,ア,芦屋大学大学院,7601,教育学研究科 教育学専攻,76016973A5,1
253,ア,芦屋大学大学院,7601,教育学研究科 その他専攻,7601697HZ9,1
254,ア,亜細亜大学大学院,7326,アジア・国際経営戦略研究科 アジア・国際経営戦略専攻,732603F0XN,1
255,ア,亜細亜大学大学院,7326,アジア・国際経営戦略研究科 その他専攻,732603FHZ9,1
256,ア,亜細亜大学大学院,7326,経済学研究科 経済学専攻,73267143G6,1
257,ア,亜細亜大学大学院,7326,経済学研究科 その他専攻,7326714HZ9,1
258,ア,亜細亜大学大学院,7326,法学研究科 法律学専攻,73269428T5,1
259,ア,亜細亜大学大学院,7326,法学研究科 その他専攻,7326942HZ9,1
260,ア,跡見学園女子大学大学院,7301,マネジメント研究科 マネジメント専攻,73014613CC,1
261,ア,跡見学園女子大学大学院,7301,マネジメント研究科 その他専攻,7301461HZ9,1
262,ア,跡見学園女子大学大学院,7301,人文科学研究科 日本文化専攻,73018327W6,1
263,ア,跡見学園女子大学大学院,7301,人文科学研究科 臨床心理学専攻,73018329A0,1
264,ア,跡見学園女子大学大学院,7301,人文科学研究科 その他専攻,7301832HZ9,1
0,イ,石川県立看護大学大学院,7921,看護学研究科 看護学専攻,79216922R9,2
1,イ,石川県立看護大学大学院,7921,看護学研究科 その他専攻,7921692HZ9,2
2,イ,石川県立大学大学院,7782,生物資源環境学研究科 応用生命科学専攻,778212E1Y7,2
3,イ,石川県立大学大学院,7782,生物資源環境学研究科 環境科学専攻,778212E2P0,2
4,イ,石川県立大学大学院,7782,生物資源環境学研究科 食品科学専攻,778212E375,2
5,イ,石川県立大学大学院,7782,生物資源環境学研究科 自然人間共生科学専攻,778212E58N,2
6,イ,石川県立大学大学院,7782,生物資源環境学研究科 生物機能開発科学専攻,778212E59Q,2
7,イ,石川県立大学大学院,7782,生物資源環境学研究科 生産科学専攻,778212E5Z2,2
8,イ,石川県立大学大学院,7782,生物資源環境学研究科 その他専攻,778212EHZ9,2
9,イ,石巻専修大学大学院,7234,経営学研究科 経営学専攻,7234702619,1
10,イ,石巻専修大学大学院,7234,経営学研究科 その他専攻,7234702HZ9,1
11,イ,石巻専修大学大学院,7234,理工学研究科 機械システム工学専攻,72349632V3,2
12,イ,石巻専修大学大学院,7234,理工学研究科 生命科学専攻,72349636K0,2
13,イ,石巻専修大学大学院,7234,理工学研究科 生命環境科学専攻,72349636K1,2
14,イ,石巻専修大学大学院,7234,理工学研究科 物質機能工学専攻,72349638H4,2
15,イ,石巻専修大学大学院,7234,理工学研究科 物質工学専攻,72349638H8,2
16,イ,石巻専修大学大学院,7234,理工学研究科 その他専攻,7234963HZ9,2
17,イ,茨城キリスト教大学大学院,7257,看護学研究科 看護学専攻,72576922R9,2
18,イ,茨城キリスト教大学大学院,7257,看護学研究科 その他専攻,7257692HZ9,2
19,イ,茨城キリスト教大学大学院,7257,生活科学研究科 食物健康科学専攻,725785636V,2
20,イ,茨城キリスト教大学大学院,7257,生活科学研究科 その他専攻,7257856HZ9,2
21,イ,茨城キリスト教大学大学院,7257,文学研究科 英語英米文学専攻,72579291T6,1
22,イ,茨城キリスト教大学大学院,7257,文学研究科 教育学専攻,72579293A5,1
23,イ,茨城キリスト教大学大学院,7257,文学研究科 その他専攻,7257929HZ9,1
24,イ,茨城県立医療大学大学院,7870,保健医療科学研究科 看護学専攻,78706032R9,2
25,イ,茨城県立医療大学大学院,7870,保健医療科学研究科 放射線技術科学専攻,78706034GW,2
26,イ,茨城県立医療大学大学院,7870,保健医療科学研究科 保健医療科学専攻,7870603756,2
27,イ,茨城県立医療大学大学院,7870,保健医療科学研究科 理学療法学・作業療法学専攻,78706039F2,2
28,イ,茨城県立医療大学大学院,7870,保健医療科学研究科 その他専攻,7870603HZ9,2
29,イ,茨城大学大学院,7035,教育学研究科 教育実践高度化専攻,70356971JX,1
30,イ,茨城大学大学院,7035,教育学研究科 学校教育専攻,70356972M1,1
31,イ,茨城大学大学院,7035,教育学研究科 教科教育専攻,70356973B7,1
32,イ,茨城大学大学院,7035,教育学研究科 学校臨床心理専攻,703569740X,1
33,イ,茨城大学大学院,7035,教育学研究科 障害児教育専攻,70356974Z0,1
34,イ,茨城大学大学院,7035,教育学研究科 養護教育専攻,70356978W5,1
35,イ,茨城大学大学院,7035,教育学研究科 その他専攻,7035697HZ9,1
36,イ,茨城大学大学院,7035,人文科学研究科 社会科学専攻,70358324R3,1
37,イ,茨城大学大学院,7035,人文科学研究科 文化科学専攻,70358328N1,1
38,イ,茨城大学大学院,7035,人文科学研究科 その他専攻,7035832HZ9,1
39,イ,茨城大学大学院,7035,人文社会科学研究科 社会科学専攻,70358384R3,1
40,イ,茨城大学大学院,7035,人文社会科学研究科 文化科学専攻,70358388N1,1
41,イ,茨城大学大学院,7035,人文社会科学研究科 その他専攻,7035838HZ9,1
42,イ,茨城大学大学院,7035,農学研究科 資源生物科学専攻,70359104M2,2
43,イ,茨城大学大学院,7035,農学研究科 生物生産科学専攻,70359106H2,2
44,イ,茨城大学大学院,7035,農学研究科 地域環境科学専攻,70359106Y6,2
45,イ,茨城大学大学院,7035,農学研究科 農学専攻,70359107X6,2
46,イ,茨城大学大学院,7035,農学研究科 その他専攻,7035910HZ9,2
47,イ,茨城大学大学院,7035,理工学研究科 応用粒子線科学専攻,70359630GZ,2
48,イ,茨城大学大学院,7035,理工学研究科 宇宙地球システム科学専攻,70359631S0,2
49,イ,茨城大学大学院,7035,理工学研究科 環境機能科学専攻,70359632P4,2
50,イ,茨城大学大学院,7035,理工学研究科 機械システム工学専攻,70359632V3,2
51,イ,茨城大学大学院,7035,理工学研究科 機械工学専攻,70359632W4,2
52,イ,茨城大学大学院,7035,理工学研究科 生産科学専攻,70359635Z2,2
53,イ,茨城大学大学院,7035,理工学研究科 都市システム工学専攻,70359637P3,2
54,イ,茨城大学大学院,7035,理工学研究科 物質科学専攻,70359638H0,2
55,イ,茨城大学大学院,7035,理工学研究科 物質工学専攻,70359638H8,2
56,イ,茨城大学大学院,7035,理工学研究科 量子線科学専攻,703596391R,2
57,イ,茨城大学大学院,7035,理工学研究科 複雑系システム科学専攻,703596391S,2
58,イ,茨城大学大学院,7035,理工学研究科 社会インフラシステム科学専攻,703596391T,2
59,イ,茨城大学大学院,7035,理工学研究科 メディア通信工学専攻,7035963H4Y,2
60,イ,茨城大学大学院,7035,理工学研究科 情報・システム科学専攻,7035963HCX,2
61,イ,茨城大学大学院,7035,理工学研究科 情報工学専攻,7035963HEQ,2
62,イ,茨城大学大学院,7035,理工学研究科 知能システム工学専攻,7035963HJA,2
63,イ,茨城大学大学院,7035,理工学研究科 電気電子システム工学専攻,7035963HKS,2
64,イ,茨城大学大学院,7035,理工学研究科 電気電子工学専攻,7035963HKV,2
65,イ,茨城大学大学院,7035,理工学研究科 理学専攻,7035963HOL,2
66,イ,茨城大学大学院,7035,理工学研究科 その他専攻,7035963HZ9,2
67,イ,いわき明星大学大学院,7242,人文学研究科 英米文学専攻,72428331V0,1
68,イ,いわき明星大学大学院,7242,人文学研究科 社会学専攻,72428334S7,1
69,イ,いわき明星大学大学院,7242,人文学研究科 日本文学専攻,72428337W8,1
70,イ,いわき明星大学大学院,7242,人文学研究科 臨床心理学専攻,72428339A0,1
71,イ,いわき明星大学大学院,7242,人文学研究科 その他専攻,7242833HZ9,1
72,イ,いわき明星大学大学院,7242,理工学研究科 物質理学専攻,72429638K0,2
73,イ,いわき明星大学大学院,7242,理工学研究科 物質理工学専攻,72429638K1,2
74,イ,いわき明星大学大学院,7242,理工学研究科 物理工学専攻,72429638L0,2
75,イ,いわき明星大学大学院,7242,理工学研究科 その他専攻,7242963HZ9,2
76,イ,岩手医科大学大学院,7861,医学研究科 医科学専攻,78616641P8,2
77,イ,岩手医科大学大学院,7861,医学研究科 外科系専攻,78616642K7,2
78,イ,岩手医科大学大学院,7861,医学研究科 社会医学系専攻,78616644Q9,2
79,イ,岩手医科大学大学院,7861,医学研究科 生理系専攻,78616646L3,2
80,イ,岩手医科大学大学院,7861,医学研究科 内科系専攻,78616647T4,2
81,イ,岩手医科大学大学院,7861,医学研究科 病理系専攻,78616648D9,2
82,イ,岩手医科大学大学院,7861,医学研究科 その他専攻,7861664HZ9,2
83,イ,岩手医科大学大学院,7861,歯学研究科 歯学専攻,78617734N2,2
84,イ,岩手医科大学大学院,7861,歯学研究科 その他専攻,7861773HZ9,2
85,イ,岩手医科大学大学院,7861,薬学研究科 薬科学専攻,786195507C,2
86,イ,岩手医科大学大学院,7861,薬学研究科 医療薬学専攻,78619551R8,2
87,イ,岩手医科大学大学院,7861,薬学研究科 その他専攻,7861955HZ9,2
88,イ,岩手県立大学大学院,7018,ソフトウェア情報学研究科 ソフトウェア情報学専攻,7018306H2V,2
89,イ,岩手県立大学大学院,7018,ソフトウェア情報学研究科 その他専攻,7018306HZ9,2
90,イ,岩手県立大学大学院,7018,看護学研究科 看護学専攻,70186922R9,2
91,イ,岩手県立大学大学院,7018,看護学研究科 その他専攻,7018692HZ9,2
92,イ,岩手県立大学大学院,7018,社会福祉学研究科 社会福祉学専攻,70187834V3,1
93,イ,岩手県立大学大学院,7018,社会福祉学研究科 その他専攻,7018783HZ9,1
94,イ,岩手県立大学大学院,7018,総合政策研究科 総合政策専攻,70188786S1,1
95,イ,岩手県立大学大学院,7018,総合政策研究科 その他専攻,7018878HZ9,1
96,イ,岩手大学大学院,7016,教育学研究科 教職実践専攻,701669724S,1
97,イ,岩手大学大学院,7016,教育学研究科 教科教育専攻,70166973B7,1
98,イ,岩手大学大学院,7016,教育学研究科 学校教育実践専攻,701669756C,1
99,イ,岩手大学大学院,7016,教育学研究科 その他専攻,7016697HZ9,1
100,イ,岩手大学大学院,7016,工学研究科 フロンティア材料機能工学専攻,70167390G9,2
101,イ,岩手大学大学院,7016,工学研究科 金型・鋳造工学専攻,701673911L,2
102,イ,岩手大学大学院,7016,工学研究科 社会環境工学専攻,701673915I,2
103,イ,岩手大学大学院,7016,工学研究科 機械システム工学専攻,70167392V3,2
104,イ,岩手大学大学院,7016,工学研究科 フロンティア物質機能工学専攻,701673963M,2
105,イ,岩手大学大学院,7016,工学研究科 応用化学・生命工学専攻,701673963N,2
106,イ,岩手大学大学院,7016,工学研究科 機械・社会環境システム工学専攻,701673963O,1
107,イ,岩手大学大学院,7016,工学研究科 デザイン・メディア工学専攻,7016739HPZ,2
108,イ,岩手大学大学院,7016,工学研究科 電気電子・情報システム工学専攻,7016739HQC,2
109,イ,岩手大学大学院,7016,工学研究科 その他専攻,7016739HZ9,2
110,イ,岩手大学大学院,7016,獣医学研究科 共同獣医学専攻,701679001Z,2
111,イ,岩手大学大学院,7016,獣医学研究科 その他専攻,7016790HZ9,2
112,イ,岩手大学大学院,7016,人文社会科学研究科 社会・環境システム専攻,70168380IC,1
113,イ,岩手大学大学院,7016,人文社会科学研究科 国際文化学専攻,70168384D1,1
114,イ,岩手大学大学院,7016,人文社会科学研究科 人間科学専攻,70168385K0,1
115,イ,岩手大学大学院,7016,人文社会科学研究科 その他専攻,7016838HZ9,1
116,イ,岩手大学大学院,7016,総合科学研究科 総合文化学専攻,7016874262,1
117,イ,岩手大学大学院,7016,総合科学研究科 地域創生専攻,701687469W,2
118,イ,岩手大学大学院,7016,総合科学研究科 農学専攻,70168747X6,2
119,イ,岩手大学大学院,7016,総合科学研究科 理工学専攻,7016874HOZ,2
120,イ,岩手大学大学院,7016,総合科学研究科 その他専攻,7016874HZ9,2
121,イ,岩手大学大学院,7016,農学研究科 応用生物化学専攻,70169101Y1,2
122,イ,岩手大学大学院,7016,農学研究科 バイオフロンティア専攻,701691028Z,2
123,イ,岩手大学大学院,7016,農学研究科 共生環境専攻,701691056U,2
124,イ,岩手大学大学院,7016,農学研究科 動物科学専攻,701691060U,2
125,イ,岩手大学大学院,7016,農学研究科 農学生命専攻,701691060W,2
126,イ,岩手大学大学院,7016,農学研究科 その他専攻,7016910HZ9,2
127,イ,岩手大学大学院,7016,理工学研究科 自然・応用科学専攻,701696353T,2
128,イ,岩手大学大学院,7016,理工学研究科 システム創生工学専攻,7016963H22,2
129,イ,岩手大学大学院,7016,理工学研究科 デザイン・メディア工学専攻,7016963HPZ,2
130,イ,岩手大学大学院,7016,理工学研究科 その他専攻,7016963HZ9,2
131,イ,岩手大学大学院,7016,連合農学研究科 地域環境創生学専攻,701697307W,2
132,イ,岩手大学大学院,7016,連合農学研究科 寒冷圏生命システム学専攻,701697310N,2
133,イ,岩手大学大学院,7016,連合農学研究科 生物環境科学専攻,70169736D8,2
134,イ,岩手大学大学院,7016,連合農学研究科 生物資源科学専攻,70169736G0,2
135,イ,岩手大学大学院,7016,連合農学研究科 生物生産科学専攻,70169736H2,2
136,イ,岩手大学大学院,7016,連合農学研究科 その他専攻,7016973HZ9,2
0,ウ,宇都宮大学大学院,7031,教育学研究科 教育実践高度化専攻,70316971JX,1
1,ウ,宇都宮大学大学院,7031,教育学研究科 学校教育専攻,70316972M1,1
2,ウ,宇都宮大学大学院,7031,教育学研究科 その他専攻,7031697HZ9,1
3,ウ,宇都宮大学大学院,7031,工学研究科 物質環境化学専攻,70317390WJ,2
4,ウ,宇都宮大学大学院,7031,工学研究科 地球環境デザイン学専攻,70317391ZU,2
5,ウ,宇都宮大学大学院,7031,工学研究科 機械知能工学専攻,70317392X1,2
6,ウ,宇都宮大学大学院,7031,工学研究科 先端光工学専攻,703173982K,2
7,ウ,宇都宮大学大学院,7031,工学研究科 システム創成工学専攻,7031739H1Z,2
8,ウ,宇都宮大学大学院,7031,工学研究科 情報システム科学専攻,7031739HDC,2
9,ウ,宇都宮大学大学院,7031,工学研究科 電気電子システム工学専攻,7031739HKS,2
10,ウ,宇都宮大学大学院,7031,工学研究科 その他専攻,7031739HZ9,2
11,ウ,宇都宮大学大学院,7031,国際学研究科 国際交流研究専攻,70317570HW,1
12,ウ,宇都宮大学大学院,7031,国際学研究科 国際学研究専攻,70317571KH,1
13,ウ,宇都宮大学大学院,7031,国際学研究科 国際文化研究専攻,70317574D3,1
14,ウ,宇都宮大学大学院,7031,国際学研究科 国際社会研究専攻,7031757951,1
15,ウ,宇都宮大学大学院,7031,国際学研究科 その他専攻,7031757HZ9,1
16,ウ,宇都宮大学大学院,7031,農学研究科 森林科学専攻,70319105H5,2
17,ウ,宇都宮大学大学院,7031,農学研究科 生物生産科学専攻,70319106H2,2
18,ウ,宇都宮大学大学院,7031,農学研究科 農業環境工学専攻,70319107Y0,2
19,ウ,宇都宮大学大学院,7031,農学研究科 農業経済学専攻,70319107Y2,2
20,ウ,宇都宮大学大学院,7031,農学研究科 その他専攻,7031910HZ9,2
21,ウ,宇都宮大学大学院,7031,地域創生科学研究科 社会デザイン科学専攻,703194655N,2
22,ウ,宇都宮大学大学院,7031,地域創生科学研究科 工農総合科学専攻,703194656O,2
23,ウ,宇都宮大学大学院,7031,地域創生科学研究科 その他専攻,7031946HZ9,2
24,ウ,宇部フロンティア大学大学院,7667,人間科学研究科 臨床心理学専攻,76678239A0,1
25,ウ,宇部フロンティア大学大学院,7667,人間科学研究科 その他専攻,7667823HZ9,1
0,エ,ＳＢＩ大学院大学,7728,経営管理研究科 アントレプレナー専攻,77287070F9,1
1,エ,ＳＢＩ大学院大学,7728,経営管理研究科 その他専攻,7728707HZ9,1
2,エ,愛媛県立医療技術大学大学院,7197,保健医療学研究科 看護学専攻,71976492R9,2
3,エ,愛媛県立医療技術大学大学院,7197,保健医療学研究科 医療技術科学専攻,719764975C,2
4,エ,愛媛県立医療技術大学大学院,7197,保健医療学研究科 その他専攻,7197649HZ9,2
5,エ,愛媛大学大学院,7149,法文学研究科 人文科学専攻,714963908L,1
6,エ,愛媛大学大学院,7149,法文学研究科 総合法政策専攻,714963909G,1
7,エ,愛媛大学大学院,7149,法文学研究科 その他専攻,7149639HZ9,1
8,エ,愛媛大学大学院,7149,医学系研究科 医学専攻,71496631Q0,2
9,エ,愛媛大学大学院,7149,医学系研究科 看護学専攻,71496632R9,2
10,エ,愛媛大学大学院,7149,医学系研究科 その他専攻,7149663HZ9,2
11,エ,愛媛大学大学院,7149,教育学研究科 特別支援教育専攻,71496970LM,1
12,エ,愛媛大学大学院,7149,教育学研究科 教育実践高度化専攻,71496971JX,1
13,エ,愛媛大学大学院,7149,教育学研究科 学校教育専攻,71496972M1,1
14,エ,愛媛大学大学院,7149,教育学研究科 教科教育専攻,71496973B7,1
15,エ,愛媛大学大学院,7149,教育学研究科 学校臨床心理専攻,714969740X,1
16,エ,愛媛大学大学院,7149,教育学研究科 その他専攻,7149697HZ9,1
17,エ,愛媛大学大学院,7149,農学研究科 生物環境学専攻,71499106D9,2
18,エ,愛媛大学大学院,7149,農学研究科 生物資源学専攻,71499106G3,2
19,エ,愛媛大学大学院,7149,農学研究科 食料生産学専攻,714991092Q,2
20,エ,愛媛大学大学院,7149,農学研究科 生命機能学専攻,7149910954,2
21,エ,愛媛大学大学院,7149,農学研究科 その他専攻,7149910HZ9,2
22,エ,愛媛大学大学院,7149,理工学研究科 数理物質科学専攻,714996316U,2
23,エ,愛媛大学大学院,7149,理工学研究科 環境機能科学専攻,71499632P4,2
24,エ,愛媛大学大学院,7149,理工学研究科 生産環境工学専攻,71499635Z9,2
25,エ,愛媛大学大学院,7149,理工学研究科 物質生命工学専攻,7149963988,2
26,エ,愛媛大学大学院,7149,理工学研究科 電子情報工学専攻,7149963HMA,2
27,エ,愛媛大学大学院,7149,理工学研究科 その他専攻,7149963HZ9,2
28,エ,愛媛大学大学院,7149,連合農学研究科 生物資源生産学専攻,71499736G6,2
29,エ,愛媛大学大学院,7149,連合農学研究科 生物資源利用学専攻,71499736G8,2
30,エ,愛媛大学大学院,7149,連合農学研究科 生物環境保全学専攻,7149973704,2
31,エ,愛媛大学大学院,7149,連合農学研究科 その他専攻,7149973HZ9,2
32,エ,エリザベト音楽大学大学院,7955,音楽研究科 音楽学専攻,7955676H7J,1
33,エ,エリザベト音楽大学大学院,7955,音楽研究科 音楽専攻,7955676H7X,1
34,エ,エリザベト音楽大学大学院,7955,音楽研究科 器楽専攻,7955676H97,1
35,エ,エリザベト音楽大学大学院,7955,音楽研究科 宗教音楽学専攻,7955676HCV,1
36,エ,エリザベト音楽大学大学院,7955,音楽研究科 声楽専攻,7955676HHC,1
37,エ,エリザベト音楽大学大学院,7955,音楽研究科 その他専攻,7955676HZ9,1
